character,play,gender
king of france ,alls well that ends well,m
duke of florence ,alls well that ends well,m
"bertram, count of roussillion ",alls well that ends well,m
lafew ,alls well that ends well,m
parolles ,alls well that ends well,m
rinaldo ,alls well that ends well,f
lavatch ,alls well that ends well,m
countess's page ,alls well that ends well,m
gentleman ,alls well that ends well,f
countess of roussillion ,alls well that ends well,f
helena ,alls well that ends well,f
an old widow of florence ,alls well that ends well,f
diana ,alls well that ends well,f
mariana ,alls well that ends well,f
violenta ,alls well that ends well,f
first french lord ,alls well that ends well,m
second french lord ,alls well that ends well,m
third french lord ,alls well that ends well,m
fourth french lord ,alls well that ends well,m
first french lord dumaine ,alls well that ends well,m
second french lord dumaine ,alls well that ends well,m
first soldier as interpreter ,alls well that ends well,m
second soldier ,alls well that ends well,m
messenger ,alls well that ends well,m
cleopatra,antony and cleopatra,f
clown ,antony and cleopatra,m
rannius ,antony and cleopatra,m
lamprius,antony and cleopatra,m
diomedes ,antony and cleopatra,m
seleucus ,antony and cleopatra,f
mardian ,antony and cleopatra,m
alexas ,antony and cleopatra,m
schoolmaster  ,antony and cleopatra,m
silius ,antony and cleopatra,m
varrius ,antony and cleopatra,m
menecrates ,antony and cleopatra,m
menas ,antony and cleopatra,m
taurus ,antony and cleopatra,m
gallus ,antony and cleopatra,m
thidias ,antony and cleopatra,m
proculeius ,antony and cleopatra,m
dolabella ,antony and cleopatra,m
agrippa ,antony and cleopatra,m
maecenas ,antony and cleopatra,m
canidius ,antony and cleopatra,m
philo ,antony and cleopatra,m
demetrius ,antony and cleopatra,m
decretas ,antony and cleopatra,m
scarus ,antony and cleopatra,m
eros ,antony and cleopatra,m
ventidius ,antony and cleopatra,m
domitius enobarbus ,antony and cleopatra,m
sextus pompeius ,antony and cleopatra,m
m. aemilius lepidus ,antony and cleopatra,m
octavius caesar ,antony and cleopatra,m
mark antony ,antony and cleopatra,m
iras ,antony and cleopatra,f
charmian ,antony and cleopatra,f
octavia ,antony and cleopatra,f
lucillius ,antony and cleopatra,m
antony's first attendant ,antony and cleopatra,m
antony's second attendant ,antony and cleopatra,m
caesar's first messenger ,antony and cleopatra,m
caesar's second messenger ,antony and cleopatra,m
caesar's third messenger ,antony and cleopatra,m
first roman messenger ,antony and cleopatra,m
second roman messenger ,antony and cleopatra,m
first messenger ,antony and cleopatra,m
second messenger ,antony and cleopatra,m
egyptian messenger ,antony and cleopatra,m
first egyptian servant ,antony and cleopatra,m
second egyptian servant ,antony and cleopatra,m
antony's first soldier ,antony and cleopatra,m
antony's second soldier ,antony and cleopatra,m
antony's third soldier ,antony and cleopatra,m
antony's fourth soldier ,antony and cleopatra,m
captain of antony's army ,antony and cleopatra,m
caesar's first soldier ,antony and cleopatra,m
caesar's sentry ,antony and cleopatra,m
caesar's first watchman ,antony and cleopatra,m
caesar's second watchman ,antony and cleopatra,m
antony's first guardsman ,antony and cleopatra,m
antony's second guardsman ,antony and cleopatra,m
antony's third guardsman ,antony and cleopatra,m
first roman guard ,antony and cleopatra,m
second roman guard ,antony and cleopatra,m
first roman soldier ,antony and cleopatra,m
second roman soldier ,antony and cleopatra,m
pompey's first servant ,antony and cleopatra,m
pompey's second servant ,antony and cleopatra,m
audrey ,as you like it,f
phebe ,as you like it,f
celia ,as you like it,f
rosalind ,as you like it,f
silvius ,as you like it,m
corin ,as you like it,m
sir oliver martext ,as you like it,m
touchstone ,as you like it,m
adam ,as you like it,m
orlando ,as you like it,m
oliver ,as you like it,m
charles ,as you like it,m
le beau ,as you like it,m
jaques ,as you like it,m
amiens ,as you like it,m
duke frederick ,as you like it,m
duke senior ,as you like it,m
jaques de boys ,as you like it,m
dennis ,as you like it,m
hymen ,as you like it,m
william ,as you like it,m
first lord at court ,as you like it,m
second lord at court ,as you like it,m
first lord in arden ,as you like it,m
second lord in arden ,as you like it,m
first page ,as you like it,m
second page ,as you like it,m
luce ,a comedy of errors,f
luciana ,a comedy of errors,f
adriana ,a comedy of errors,f
aemilia ,a comedy of errors,f
doctor pinch ,a comedy of errors,m
angelo ,a comedy of errors,m
balthazar ,a comedy of errors,m
dromio of syracuse ,a comedy of errors,m
dromio of ephesus ,a comedy of errors,m
antipholus of syracuse ,a comedy of errors,m
antipholus of ephesus ,a comedy of errors,m
egeon ,a comedy of errors,m
"solinus, duke of ephesus ",a comedy of errors,m
first merchant ,a comedy of errors,m
second merchant ,a comedy of errors,m
jailer ,a comedy of errors,m
courtezan ,a comedy of errors,m
messenger ,a comedy of errors,m
officer ,a comedy of errors,m
headsman ,a comedy of errors,m
volumnia ,coriolanus,m
tullus aufidius ,coriolanus,m
lieutenant to aufidius ,coriolanus,m
nicanor ,coriolanus,m
roman herald ,coriolanus,m
young martius ,coriolanus,m
junius brutus ,coriolanus,m
sicinius velutus ,coriolanus,m
menenius agrippa ,coriolanus,m
cominius ,coriolanus,m
titus lartius ,coriolanus,m
lieutenant to lartius ,coriolanus,m
caius martius ,coriolanus,m
virgilia ,coriolanus,f
gentlewoman ,coriolanus,f
valeria ,coriolanus,f
citizen of antium ,coriolanus,m
adrian ,coriolanus,m
first messenger ,coriolanus,m
second messenger ,coriolanus,m
third messenger ,coriolanus,m
first roman senator ,coriolanus,m
second roman senator ,coriolanus,m
first volscian senator ,coriolanus,m
second volscian senator ,coriolanus,m
first roman soldier ,coriolanus,m
second roman soldier ,coriolanus,m
first roman ,coriolanus,m
second roman ,coriolanus,m
third roman ,coriolanus,m
usher ,coriolanus,m
scout ,coriolanus,m
volscian soldier ,coriolanus,m
first officer ,coriolanus,m
second officer ,coriolanus,m
first roman citizen ,coriolanus,m
second roman citizen ,coriolanus,m
third roman citizen ,coriolanus,m
fourth roman citizen ,coriolanus,m
fifth roman citizen ,coriolanus,m
sixth roman citizen ,coriolanus,m
seventh roman citizen ,coriolanus,m
first aedile ,coriolanus,m
second aedile ,coriolanus,m
first servingman ,coriolanus,m
second servingman ,coriolanus,m
third servingman ,coriolanus,m
first watchman ,coriolanus,m
second watchman ,coriolanus,m
first conspirator ,coriolanus,m
second conspirator ,coriolanus,m
third conspirator ,coriolanus,m
first volscian lord ,coriolanus,m
second volscian lord ,coriolanus,m
third volscian lord ,coriolanus,m
volscians ,coriolanus,m
volscian soldiers ,coriolanus,m
roman soldiers ,coriolanus,m
patrician ,coriolanus,m
patricians ,coriolanus,m
plebeians ,coriolanus,m
helen ,cymbeline,m
imogen ,cymbeline,m
queen ,cymbeline,m
frenchman ,cymbeline,m
roman captain ,cymbeline,m
philarmonus ,cymbeline,m
cornelius ,cymbeline,m
pisanio ,cymbeline,m
caius lucius ,cymbeline,m
jachimo ,cymbeline,m
philario ,cymbeline,m
arviragus ,cymbeline,m
guiderius ,cymbeline,m
belarius ,cymbeline,m
posthumus leonatus ,cymbeline,m
cloten ,cymbeline,m
cymbeline ,cymbeline,m
first gentleman ,cymbeline,m
second gentleman ,cymbeline,m
first lord ,cymbeline,m
second lord ,cymbeline,m
lady attendant ,cymbeline,f
other ladies ,cymbeline,f
dutchman ,cymbeline,m
spaniard ,cymbeline,m
singer ,cymbeline,f
messenger ,cymbeline,m
first senator ,cymbeline,m
second senator ,cymbeline,m
tribune ,cymbeline,m
first british captain ,cymbeline,m
second british captain ,cymbeline,m
british soldiers ,cymbeline,m
british lord ,cymbeline,m
first jailer ,cymbeline,m
second jailer ,cymbeline,m
jupiter ,cymbeline,m
apparition of sicilius leonatus ,cymbeline,m
apparition of the matron ,cymbeline,m
apparition of first brother of posthumus ,cymbeline,m
apparition of second brother of posthumus ,cymbeline,m
guard ,cymbeline,m
king claudius,hamlet,m
ghost of hamlet's father ,hamlet,m
ophelia ,hamlet,f
queen getrude,hamlet,f
fortinbras ,hamlet,m
francisco ,hamlet,m
barnardo ,hamlet,m
marcellus ,hamlet,m
horatio ,hamlet,m
polonius ,hamlet,m
hamlet ,hamlet,m
osric ,hamlet,m
guildenstern ,hamlet,m
rosencrantz ,hamlet,m
cornelius ,hamlet,m
voltemand ,hamlet,m
laertes ,hamlet,m
first player  ,hamlet,m
player queen ,hamlet,m
player prologue ,hamlet,m
player lucianus ,hamlet,m
first clown  ,hamlet,m
second clown  ,hamlet,m
laertes's followers ,hamlet,m
gentleman ,hamlet,m
reynaldo ,hamlet,m
lord ,hamlet,m
messenger ,hamlet,m
first sailor ,hamlet,m
first ambassador ,hamlet,m
norwegian captain ,hamlet,m
doctor of divinity ,hamlet,m
ophelia's pallbearers ,hamlet,f
sir john falstaff ,henry iv part 1,m
sir richard vernon ,henry iv part 1,m
owen glendower ,henry iv part 1,m
"archibald, earl of douglas ",henry iv part 1,m
"richard scroop, archbishop of york ",henry iv part 1,m
"edmund mortimer, earl of march ",henry iv part 1,m
henry percy ,henry iv part 1,m
"henry percy, earl of northumberland ",henry iv part 1,m
"thomas percy, earl of worcester ",henry iv part 1,m
sir walter blunt ,henry iv part 1,m
earl of westmorland ,henry iv part 1,m
prince john of lancaster ,henry iv part 1,m
"henry, prince of wales ",henry iv part 1,m
king henry iv ,henry iv part 1,m
lady mortimer ,henry iv part 1,f
lady percy ,henry iv part 1,f
bardolph ,henry iv part 1,m
peto ,henry iv part 1,m
gadshill ,henry iv part 1,m
edward poins ,henry iv part 1,m
sir michael ,henry iv part 1,m
ostler ,henry iv part 1,m
sheriff ,henry iv part 1,m
first carrier ,henry iv part 1,m
second carrier ,henry iv part 1,m
first traveller ,henry iv part 1,m
second traveller ,henry iv part 1,m
servant ,henry iv part 1,m
francis ,henry iv part 1,m
hostess ,henry iv part 1,f
first messenger ,henry iv part 1,m
second messenger ,henry iv part 1,m
third messenger ,henry iv part 1,m
chamberlain ,henry iv part 1,m
vintner ,henry iv part 1,m
welsh ladies ,henry iv part 1,f
king henry the fourth ,henry iv part 2,m
prince henry ,henry iv part 2,m
prince john of lancaster ,henry iv part 2,m
"humphrey, duke of gloucester ",henry iv part 2,m
"thomas, duke of clarence ",henry iv part 2,m
"henry percy, earl of northumberland ",henry iv part 2,m
"richard scroop, archbishop of york ",henry iv part 2,m
lord mowbray ,henry iv part 2,m
lord hastings ,henry iv part 2,m
lord bardolph ,henry iv part 2,m
travers ,henry iv part 2,m
sir john colevile ,henry iv part 2,m
earl of warwick ,henry iv part 2,m
earl of westmorland ,henry iv part 2,m
earl of surrey ,henry iv part 2,m
sir john blunt ,henry iv part 2,m
gower ,henry iv part 2,m
harcourt ,henry iv part 2,m
lord chief justice ,henry iv part 2,m
poins ,henry iv part 2,m
sir john falstaff ,henry iv part 2,m
bardolph ,henry iv part 2,m
pistol ,henry iv part 2,m
"rumor, the presenter ",henry iv part 2,m
porter ,henry iv part 2,m
epilogue ,henry iv part 2,m
doll tearsheet ,henry iv part 2,f
hostess quickly ,henry iv part 2,f
lady percy ,henry iv part 2,f
lady northumberland ,henry iv part 2,f
bullcalf ,henry iv part 2,m
feeble ,henry iv part 2,m
wart ,henry iv part 2,m
mouldy ,henry iv part 2,m
snare ,henry iv part 2,m
davy ,henry iv part 2,m
silence ,henry iv part 2,m
shallow ,henry iv part 2,m
falstaff's page ,henry iv part 2,m
peto ,henry iv part 2,m
morton ,henry iv part 2,m
fang ,henry iv part 2,m
sneak ,henry iv part 2,m
shadow ,henry iv part 2,m
servant to the lord chief justice ,henry iv part 2,m
beadle ,henry iv part 2,m
francis ,henry iv part 2,m
second drawer ,henry iv part 2,m
third drawer ,henry iv part 2,m
messenger ,henry iv part 2,m
first strewer ,henry iv part 2,m
second strewer ,henry iv part 2,m
third strewer ,henry iv part 2,m
officer ,henry iv part 2,m
king henry's page ,henry iv part 2,m
katherine ,henry v,f
queen isabel ,henry v,f
ambassador of france ,henry v,m
montjoy ,henry v,m
governor of harfleur ,henry v,m
grandpre,henry v,m
rambures ,henry v,m
constable of france ,henry v,m
duke of berri ,henry v,m
duke of britain ,henry v,m
duke of bourbon ,henry v,m
duke of orleance ,henry v,m
duke of burgundy ,henry v,m
the dauphin ,henry v,m
charles the sixth ,henry v,m
english herald ,henry v,m
boy ,henry v,m
bardolph ,henry v,m
nym ,henry v,m
pistol ,henry v,m
williams ,henry v,m
court ,henry v,m
bates ,henry v,m
jamy ,henry v,m
macmorris ,henry v,m
fluellen ,henry v,m
gower ,henry v,m
sir thomas erpingham ,henry v,m
sir thomas grey ,henry v,m
lord scroop ,henry v,m
"richard, earl of cambridge ",henry v,m
bishop of ely ,henry v,m
archbishop of canterbury ,henry v,m
earl of warwick ,henry v,m
earl of westmorland ,henry v,m
earl of salisbury ,henry v,m
duke of york ,henry v,m
duke of exeter ,henry v,m
"thomas, duke of clarence ",henry v,m
"john, duke of bedford ",henry v,m
"humphrey, duke of gloucester ",henry v,m
king henry the fifth ,henry v,m
chorus ,henry v,m
french messenger ,henry v,m
french soldier ,henry v,m
french court attendant ,henry v,m
hostess ,henry v,f
alice ,henry v,f
english lords ,henry v,m
joan de pucelle ,henry vi part 1,f
countess of auvergne ,henry vi part 1,f
margaret ,henry vi part 1,f
shepherd ,henry vi part 1,m
porter ,henry vi part 1,m
french sergeant ,henry vi part 1,m
general of the french force at bordeaux ,henry vi part 1,m
master gunner of orleans ,henry vi part 1,m
governor of paris ,henry vi part 1,m
bastard of orleans ,henry vi part 1,m
duke of alanson ,henry vi part 1,m
duke of burgundy ,henry vi part 1,m
"reignier, duke of anjou ",henry vi part 1,m
"charles, dauphin of france ",henry vi part 1,m
lawyer ,henry vi part 1,m
basset ,henry vi part 1,m
vernon ,henry vi part 1,m
woodvile ,henry vi part 1,m
mayor of london ,henry vi part 1,m
sir thomas gargrave ,henry vi part 1,m
sir william glansdale ,henry vi part 1,m
sir william lucy ,henry vi part 1,m
sir john falstaff ,henry vi part 1,m
"edmund mortimer, earl of march ",henry vi part 1,m
john talbot ,henry vi part 1,m
lord talbot ,henry vi part 1,m
earl of suffolk ,henry vi part 1,m
earl of salisbury ,henry vi part 1,m
earl of warwick ,henry vi part 1,m
richard plantagenet ,henry vi part 1,m
"john beauford, duke of somerset ",henry vi part 1,m
"henry beauford, bishop of winchester ",henry vi part 1,m
"thomas beauford, duke of exeter ",henry vi part 1,m
duke of bedford ,henry vi part 1,m
duke of gloucester ,henry vi part 1,m
king henry the sixth ,henry vi part 1,m
papal legate ,henry vi part 1,m
fiends ,henry vi part 1,m
officer ,henry vi part 1,m
winchester's serving attendant ,henry vi part 1,m
master gunner's boy ,henry vi part 1,m
first messenger ,henry vi part 1,m
second messenger ,henry vi part 1,m
third messenger ,henry vi part 1,m
fourth messenger ,henry vi part 1,m
fifth messenger ,henry vi part 1,m
first warder of the tower ,henry vi part 1,m
second warder of the tower ,henry vi part 1,m
gloucester's first serving attendant ,henry vi part 1,m
gloucester's second serving attendant ,henry vi part 1,m
first sentinel ,henry vi part 1,m
second sentinel ,henry vi part 1,m
english soldier ,henry vi part 1,m
messenger of the countess ,henry vi part 1,m
first keeper ,henry vi part 1,m
second keeper ,henry vi part 1,m
first soldier ,henry vi part 1,m
captain ,henry vi part 1,m
scout ,henry vi part 1,m
ambassador from the emperor ,henry vi part 1,m
ambassador from the earl of armagnac ,henry vi part 1,m
talbot's trumpeter ,henry vi part 1,m
french herald ,henry vi part 1,m
soldier of the watch ,henry vi part 1,m
talbot's servant ,henry vi part 1,m
king henry the sixth ,henry vi part 2,m
duke of gloucester ,henry vi part 2,m
cardinal beauford ,henry vi part 2,m
"richard plantagenet, duke of york ",henry vi part 2,m
edward earl of march ,henry vi part 2,m
richard plantagenet ,henry vi part 2,m
duke of somerset ,henry vi part 2,m
duke of suffolk ,henry vi part 2,m
duke of buckingham ,henry vi part 2,m
lord clifford ,henry vi part 2,m
young clifford ,henry vi part 2,m
earl of salisbury ,henry vi part 2,m
earl of warwick ,henry vi part 2,m
lord scales ,henry vi part 2,m
lord say ,henry vi part 2,m
sir humphrey stafford ,henry vi part 2,m
william stafford ,henry vi part 2,m
sir john stanley ,henry vi part 2,m
vaux ,henry vi part 2,m
matthew goffe ,henry vi part 2,m
alexander iden ,henry vi part 2,m
lieutenant ,henry vi part 2,m
shipmaster ,henry vi part 2,m
master's mate ,henry vi part 2,m
walter whitmore ,henry vi part 2,m
john hume ,henry vi part 2,m
john southwell ,henry vi part 2,m
roger bolingbrook ,henry vi part 2,m
thomas horner ,henry vi part 2,m
peter thump ,henry vi part 2,m
clerk of chatham ,henry vi part 2,m
mayor of saint albans ,henry vi part 2,m
saunder simpcox ,henry vi part 2,m
jack cade ,henry vi part 2,m
george bevis ,henry vi part 2,m
john holland ,henry vi part 2,m
dick the butcher ,henry vi part 2,m
spirit ,henry vi part 2,m
simpcox's wife ,henry vi part 2,f
margery jordan ,henry vi part 2,f
duchess eleanor of gloucester ,henry vi part 2,f
queen margaret ,henry vi part 2,f
first murderer ,henry vi part 2,m
second murderer ,henry vi part 2,m
michael ,henry vi part 2,m
smith the weaver ,henry vi part 2,m
beadle of saint albans ,henry vi part 2,m
first royal messenger ,henry vi part 2,m
first petitioner ,henry vi part 2,m
second petitioner ,henry vi part 2,m
gloucester's servingman ,henry vi part 2,m
first neighbor ,henry vi part 2,m
second neighbor ,henry vi part 2,m
third neighbor ,henry vi part 2,m
first prentice ,henry vi part 2,m
second prentice ,henry vi part 2,m
third prentice ,henry vi part 2,m
herald ,henry vi part 2,m
sheriff of london ,henry vi part 2,m
post ,henry vi part 2,m
first gentleman ,henry vi part 2,m
second gentleman ,henry vi part 2,m
second royal messenger ,henry vi part 2,m
third royal messenger ,henry vi part 2,m
fourth royal messenger ,henry vi part 2,m
first london citizen ,henry vi part 2,m
london citizens ,henry vi part 2,m
rebel soldier ,henry vi part 2,m
rebel messenger ,henry vi part 2,m
iden's men ,henry vi part 2,m
one citizen ,henry vi part 2,m
citizens of saint albans ,henry vi part 2,m
sawyer ,henry vi part 2,m
best's son ,henry vi part 2,m
falconers ,henry vi part 2,m
york's guards ,henry vi part 2,m
york's attendant ,henry vi part 2,m
rebel poleman ,henry vi part 2,m
first commoner ,henry vi part 2,m
commoners ,henry vi part 2,m
gloucester's first attendant ,henry vi part 2,m
gloucester's second attendant ,henry vi part 2,m
cade's followers ,henry vi part 2,m
king henry the sixth ,henry vi part 3,m
"edward, prince of wales ",henry vi part 3,m
"lewis the eleventh, king of france ",henry vi part 3,m
duke of exeter ,henry vi part 3,m
earl of oxford ,henry vi part 3,m
earl of northumberland ,henry vi part 3,m
duke of somerset ,henry vi part 3,m
earl of westmorland ,henry vi part 3,m
"richard plantagenet, duke of york ",henry vi part 3,m
lord clifford ,henry vi part 3,m
"edward, earl of march ",henry vi part 3,m
"edmund, earl of rutland ",henry vi part 3,m
earl of warwick ,henry vi part 3,m
george ,henry vi part 3,m
richard ,henry vi part 3,m
duke of norfolk ,henry vi part 3,m
marquess montague ,henry vi part 3,m
earl of pembroke ,henry vi part 3,m
lord hastings ,henry vi part 3,m
lord stafford ,henry vi part 3,m
sir john mortimer ,henry vi part 3,m
sir hugh mortimer ,henry vi part 3,m
"henry, earl of richmond ",henry vi part 3,m
lord rivers ,henry vi part 3,m
sir william stanley ,henry vi part 3,m
sir john montgomery ,henry vi part 3,m
sir john somervile ,henry vi part 3,m
tutor to rutland ,henry vi part 3,m
mayor of york ,henry vi part 3,m
mayor of coventry ,henry vi part 3,m
lieutenant of the tower ,henry vi part 3,m
nobleman ,henry vi part 3,m
a son that has killed his father ,henry vi part 3,m
a father that has killed his son ,henry vi part 3,m
queen margaret ,henry vi part 3,f
lady grey ,henry vi part 3,f
lady bona ,henry vi part 3,f
first yorkist messenger ,henry vi part 3,m
second yorkist messenger ,henry vi part 3,m
norfolk messenger ,henry vi part 3,m
first lancastrian messenger ,henry vi part 3,m
second lancastrian messenger ,henry vi part 3,m
first gamekeeper ,henry vi part 3,m
second gamekeeper ,henry vi part 3,m
post ,henry vi part 3,m
first watchman ,henry vi part 3,m
second watchman ,henry vi part 3,m
third watchman ,henry vi part 3,m
huntsman ,henry vi part 3,m
warwick's messenger ,henry vi part 3,m
yorkist soldier ,henry vi part 3,m
oxford messenger ,henry vi part 3,m
montague messenger ,henry vi part 3,m
aldermen of york ,henry vi part 3,m
nurse bess ,henry vi part 3,f
lord bourbon ,henry vi part 3,m
prince edward,henry vi part 3,m
king henry the eighth ,henry viii,m
cardinal wolsey ,henry viii,m
cardinal campeius ,henry viii,m
lord capuchius ,henry viii,m
"cranmer, archbishop of canterbury ",henry viii,m
duke of norfolk ,henry viii,m
duke of suffolk ,henry viii,m
duke of buckingham ,henry viii,m
earl of surrey ,henry viii,m
lord chamberlain ,henry viii,m
lord chancellor ,henry viii,m
gardiner ,henry viii,m
bishop of lincoln ,henry viii,m
lord abergavenny ,henry viii,m
lord sands ,henry viii,m
sir henry guilford ,henry viii,m
sir thomas lovell ,henry viii,m
sir anthony denny ,henry viii,m
sir nicholas vaux ,henry viii,m
cromwell ,henry viii,m
wolsey's first secretary ,henry viii,m
wolsey's second secretary ,henry viii,m
griffith ,henry viii,m
doctor butts ,henry viii,m
garter king-of-arms ,henry viii,m
buckingham's surveyor ,henry viii,m
brandon ,henry viii,m
sergeant-at-arms ,henry viii,m
doorkeeper of the council chamber ,henry viii,m
porter ,henry viii,m
gardiner's page ,henry viii,m
crier ,henry viii,f
queen katherine ,henry viii,f
anne bullen ,henry viii,f
old lady ,henry viii,f
patience ,henry viii,f
prologue ,henry viii,m
first gentleman ,henry viii,m
second gentleman ,henry viii,m
tipstaves ,henry viii,m
halberdiers ,henry viii,m
first scribe ,henry viii,m
second scribe ,henry viii,m
bishop of ely ,henry viii,m
bishop of rochester ,henry viii,m
bishop of saint asaph ,henry viii,m
two priests ,henry viii,m
gentleman purse-bearer ,henry viii,m
two gentlemen bearers ,henry viii,m
archbishop of canterbury ,henry viii,m
two noblemen ,henry viii,m
third gentleman ,henry viii,m
six vision dancers ,henry viii,m
maskers ,henry viii,m
messenger ,henry viii,m
pursuivants ,henry viii,m
pages ,henry viii,m
porter's man ,henry viii,m
servant ,henry viii,m
two vergers ,henry viii,m
two aldermen of london ,henry viii,m
four noblemen ,henry viii,m
marchioness dorset ,henry viii,m
princess elizabeth ,henry viii,m
lady ,henry viii,m
choristers ,henry viii,m
gentlewoman ,henry viii,m
two judges ,henry viii,m
lord mayor of london ,henry viii,m
marquess dorset ,henry viii,m
four barons of the cinque ports ,henry viii,m
bishop stokesly of london ,henry viii,m
duchess of norfolk ,henry viii,m
countesses ,henry viii,m
gentleman ,henry viii,m
council guards ,henry viii,m
caesar's servant ,julius caesar,m
portia ,julius caesar,f
calphurnia ,julius caesar,f
pindarus ,julius caesar,m
dardanius ,julius caesar,m
lucius ,julius caesar,m
strato ,julius caesar,m
claudio ,julius caesar,m
clitus ,julius caesar,m
varrus ,julius caesar,m
volumnius ,julius caesar,m
young cato ,julius caesar,m
messala ,julius caesar,m
titinius ,julius caesar,m
lucilius ,julius caesar,m
soothsayer ,julius caesar,m
artemidorus of cnidos ,julius caesar,m
murellus ,julius caesar,m
flavius ,julius caesar,m
cinna ,julius caesar,m
"cinna, a poet ",julius caesar,m
a poet ,julius caesar,m
metellus cimber ,julius caesar,m
decius brutus ,julius caesar,m
caius ligarius ,julius caesar,m
trebonius ,julius caesar,m
casca ,julius caesar,m
cassius ,julius caesar,m
marcus brutus ,julius caesar,m
popilius lena ,julius caesar,m
publius ,julius caesar,m
cicero ,julius caesar,m
m. aemilius lepidus ,julius caesar,m
mark antony ,julius caesar,m
octavius caesar ,julius caesar,m
julius caesar ,julius caesar,m
messenger ,julius caesar,m
octavius's attendant ,julius caesar,m
antony's messenger ,julius caesar,m
cobbler ,julius caesar,m
carpenter ,julius caesar,m
first soldier ,julius caesar,m
second soldier ,julius caesar,m
third soldier ,julius caesar,m
first soldier of antony's ,julius caesar,m
second soldier of antony's ,julius caesar,m
first plebeian ,julius caesar,m
second plebeian ,julius caesar,m
third plebeian ,julius caesar,m
fourth plebeian ,julius caesar,m
fifth plebeian ,julius caesar,m
lady faulconbridge ,king john,f
blanch of spain ,king john,m
constance ,king john,f
queen elinor ,king john,f
chatillion ,king john,m
melune ,king john,m
cardinal pandulph ,king john,m
"lymoges, duke of austria ",king john,m
"lewis, the dauphin ",king john,m
"philip, king of france ",king john,m
peter of pomfret ,king john,m
james gurney ,king john,m
"philip, the bastard ",king john,m
robert faulconbridge ,king john,m
hubert de burgh ,king john,m
lord bigot ,king john,m
earl of salisbury ,king john,m
earl of essex ,king john,m
earl of pembroke ,king john,m
arthur ,king john,m
prince henry ,king john,m
king john ,king john,m
executioner ,king john,m
english herald ,king john,m
french herald ,king john,m
sheriff ,king john,m
the messenger ,king john,m
french messenger ,king john,m
"lear, king of britain ",king lear,m
king of france ,king lear,m
duke of burgundy ,king lear,m
duke of cornwall ,king lear,m
duke of albany ,king lear,m
earl of kent ,king lear,m
earl of gloucester ,king lear,m
edgar ,king lear,m
edmund ,king lear,m
curan ,king lear,m
oswald ,king lear,m
fool ,king lear,m
goneril ,king lear,f
regan ,king lear,f
cordelia ,king lear,f
old man ,king lear,m
doctor ,king lear,m
herald ,king lear,m
knight ,king lear,m
first captain ,king lear,m
second captain ,king lear,m
first servant ,king lear,m
second servant ,king lear,m
third servant ,king lear,m
first gentleman ,king lear,m
second gentleman ,king lear,m
first messenger ,king lear,m
second messenger ,king lear,m
french messenger ,king lear,m
king richard the second ,richard ii,m
"john of gaunt, duke of lancaster ",richard ii,m
"edmund of langley, duke of york ",richard ii,m
henry bullingbrook ,richard ii,m
duke of aumerle ,richard ii,m
thomas mowbray ,richard ii,m
duke of surrey ,richard ii,m
earl of salisbury ,richard ii,m
lord berkeley ,richard ii,m
sir john bushy ,richard ii,m
sir john bagot ,richard ii,m
sir henry green ,richard ii,m
earl of northumberland ,richard ii,m
henry percy ,richard ii,m
lord ross ,richard ii,m
lord willoughby ,richard ii,m
lord fitzwater ,richard ii,m
bishop of carlisle ,richard ii,m
abbot of westminster ,richard ii,m
lord marshal ,richard ii,m
sir stephen scroop ,richard ii,m
sir pierce of exton ,richard ii,m
welsh captain ,richard ii,m
queen to king richard ,richard ii,m
duchess of york ,richard ii,m
duchess of gloucester ,richard ii,m
keeper ,richard ii,m
gardener ,richard ii,m
servingman ,richard ii,m
first attending lady ,richard ii,f
second attending lady ,richard ii,f
first herald ,richard ii,m
second herald ,richard ii,m
exton's first servant ,richard ii,m
exton's second servant ,richard ii,m
first gardener's man ,richard ii,m
second gardener's man ,richard ii,m
groom ,richard ii,m
another lord ,richard ii,m
"ferdinand, king of navarre ",loves labours lost,m
berowne ,loves labours lost,m
longaville ,loves labours lost,m
dumaine ,loves labours lost,m
boyet ,loves labours lost,m
don adriano de armado ,loves labours lost,m
sir nathaniel ,loves labours lost,m
holofernes ,loves labours lost,m
dull ,loves labours lost,m
costard ,loves labours lost,m
moth ,loves labours lost,m
forester ,loves labours lost,m
the princess of france ,loves labours lost,f
rosaline ,loves labours lost,f
maria ,loves labours lost,f
katherine ,loves labours lost,f
jaquenetta ,loves labours lost,f
marcade ,loves labours lost,m
blackamoors ,loves labours lost,m
first french lord ,loves labours lost,m
second french lord ,loves labours lost,m
"ver, the spring ",loves labours lost,m
"hiems, the winter ",loves labours lost,m
"duncan, king of scotland ",macbeth,m
malcolm ,macbeth,m
donalbain ,macbeth,m
macbeth ,macbeth,m
lady macbeth ,macbeth,f
lady macduff ,macbeth,f
banquo ,macbeth,m
macduff ,macbeth,m
lennox ,macbeth,m
rosse ,macbeth,m
menteth ,macbeth,m
angus ,macbeth,m
cathness ,macbeth,m
fleance ,macbeth,m
"siward, earl of northumberland ",macbeth,m
young siward ,macbeth,m
seyton ,macbeth,m
son to macduff ,macbeth,m
english doctor ,macbeth,m
doctor of physic ,macbeth,m
sergeant ,macbeth,m
porter ,macbeth,m
old man ,macbeth,m
first murderer ,macbeth,m
second murderer ,macbeth,m
third murderer ,macbeth,m
servant ,macbeth,m
soldiers ,macbeth,m
lord ,macbeth,m
gentlewoman ,macbeth,f
hecat ,macbeth,f
first witch ,macbeth,f
second witch ,macbeth,f
third witch ,macbeth,f
fourth witch ,macbeth,f
fifth witch ,macbeth,f
sixth witch ,macbeth,f
first apparition ,macbeth,m
second apparition ,macbeth,m
third apparition ,macbeth,m
macbeth's messenger ,macbeth,m
messenger ,macbeth,m
sewer ,macbeth,m
"vincentio, the duke ",measure for measure,m
angelo ,measure for measure,m
escalus ,measure for measure,m
claudio ,measure for measure,m
lucio ,measure for measure,m
provost ,measure for measure,m
friar peter thomas ,measure for measure,m
justice ,measure for measure,m
varrius ,measure for measure,m
elbow ,measure for measure,m
froth ,measure for measure,m
pompey ,measure for measure,m
abhorson ,measure for measure,m
barnardine ,measure for measure,m
isabella ,measure for measure,f
mariana ,measure for measure,f
juliet ,measure for measure,f
francisca ,measure for measure,f
mistress overdone ,measure for measure,f
servant ,measure for measure,m
first gentleman ,measure for measure,m
second gentleman ,measure for measure,m
boy ,measure for measure,m
messenger ,measure for measure,m
attendant ,measure for measure,m
the duke of venice ,merchant of venice,m
antonio ,merchant of venice,m
bassanio ,merchant of venice,m
solanio ,merchant of venice,m
gratiano ,merchant of venice,m
salerio ,merchant of venice,m
lorenzo ,merchant of venice,m
shylock ,merchant of venice,m
tubal ,merchant of venice,m
launcelot gobbo ,merchant of venice,m
old gobbo ,merchant of venice,m
leonardo ,merchant of venice,m
balthazar ,merchant of venice,m
stephano ,merchant of venice,m
portia ,merchant of venice,f
nerissa ,merchant of venice,f
jessica ,merchant of venice,f
the prince of morocco ,merchant of venice,m
the prince of arragon ,merchant of venice,m
jailer ,merchant of venice,m
portia's servant ,merchant of venice,m
antonio's servant ,merchant of venice,m
singer ,merchant of venice,m
sir john falstaff ,merry wives of windsor,m
fenton ,merry wives of windsor,m
robert shallow ,merry wives of windsor,m
francis ford ,merry wives of windsor,m
george page ,merry wives of windsor,m
william page ,merry wives of windsor,m
sir hugh evans ,merry wives of windsor,m
mistress alice ford ,merry wives of windsor,f
mistress margaret page ,merry wives of windsor,f
mistress anne page ,merry wives of windsor,f
mistress quickly ,merry wives of windsor,f
doctor caius ,merry wives of windsor,m
host of the garter inn ,merry wives of windsor,m
bardolph ,merry wives of windsor,m
pistol ,merry wives of windsor,m
nym ,merry wives of windsor,m
robin ,merry wives of windsor,m
peter simple ,merry wives of windsor,m
john rugby ,merry wives of windsor,m
abraham slender ,merry wives of windsor,m
first servant ,merry wives of windsor,m
second servant ,merry wives of windsor,m
children of windsor ,merry wives of windsor,m
postmaster's boy ,merry wives of windsor,m
boy ,merry wives of windsor,m
"theseus, duke of athens ",a midsummer night's dream,m
egeus ,a midsummer night's dream,m
lysander ,a midsummer night's dream,m
demetrius ,a midsummer night's dream,m
philostrate ,a midsummer night's dream,m
quince ,a midsummer night's dream,m
bottom ,a midsummer night's dream,m
flute ,a midsummer night's dream,m
snout ,a midsummer night's dream,m
snug ,a midsummer night's dream,m
starveling ,a midsummer night's dream,f
hippolyta ,a midsummer night's dream,f
hermia ,a midsummer night's dream,f
helena ,a midsummer night's dream,f
oberon ,a midsummer night's dream,m
titania ,a midsummer night's dream,f
puck ,a midsummer night's dream,m
peaseblossom ,a midsummer night's dream,f
cobweb ,a midsummer night's dream,f
moth ,a midsummer night's dream,f
mustardseed ,a midsummer night's dream,f
a fairy ,a midsummer night's dream,f
first fairy ,a midsummer night's dream,f
second fairy ,a midsummer night's dream,f
don pedro ,much ado about nothing,m
don john ,much ado about nothing,m
claudio ,much ado about nothing,m
benedick ,much ado about nothing,m
leonato ,much ado about nothing,m
antonio ,much ado about nothing,m
balthasar ,much ado about nothing,m
conrade ,much ado about nothing,m
borachio ,much ado about nothing,m
friar francis ,much ado about nothing,m
hero ,much ado about nothing,m
beatrice ,much ado about nothing,f
margaret ,much ado about nothing,f
ursula ,much ado about nothing,f
dogberry ,much ado about nothing,m
verges ,much ado about nothing,m
sexton ,much ado about nothing,m
boy ,much ado about nothing,m
messenger ,much ado about nothing,m
first watchman ,much ado about nothing,m
second watchman ,much ado about nothing,m
watchmen ,much ado about nothing,m
lord ,much ado about nothing,m
duke of venice ,othello,m
brabantio ,othello,m
gratiano ,othello,m
lodovico ,othello,m
othello ,othello,m
cassio ,othello,m
iago ,othello,m
roderigo ,othello,m
montano ,othello,m
desdemona ,othello,f
emilia ,othello,f
bianca ,othello,f
sailor ,othello,m
officer ,othello,m
clown ,othello,m
first messenger ,othello,m
second messenger ,othello,m
herald ,othello,m
first senator ,othello,m
second senator ,othello,m
first musician ,othello,m
first gentleman ,othello,m
second gentleman ,othello,m
third gentleman ,othello,m
gower ,pericles,m
antiochus ,pericles,m
pericles ,pericles,m
helicanus ,pericles,m
escanes ,pericles,m
simonides ,pericles,m
cleon ,pericles,m
lysimachus ,pericles,m
cerimon ,pericles,m
thaliard ,pericles,m
philemon ,pericles,m
leonine ,pericles,m
marshal ,pericles,m
pander ,pericles,m
boult ,pericles,m
daughter of antiochus ,pericles,f
dionyza ,pericles,f
thaisa ,pericles,f
marina ,pericles,f
lychorida ,pericles,f
bawd ,pericles,f
diana ,pericles,f
first fisherman ,pericles,m
second fisherman ,pericles,m
third fisherman ,pericles,m
first knight ,pericles,m
second knight ,pericles,m
third knight ,pericles,m
fourth knight  ,pericles,m
fifth knight ,pericles,m
five pages ,pericles,m
first lord of tyre ,pericles,m
second lord of tyre ,pericles,m
third lord of tyre ,pericles,m
antiochan messenger ,pericles,m
first lord of pentapolis ,pericles,m
second lord of pentapolis ,pericles,m
third lord of pentapolis ,pericles,m
first sailor ,pericles,m
second sailor ,pericles,m
first gentleman of ephesus ,pericles,m
second gentleman of ephesus ,pericles,m
ephesan servant ,pericles,m
first pirate ,pericles,m
second pirate ,pericles,m
third pirate ,pericles,m
first gentleman of mytilene ,pericles,m
second gentleman of mytilene ,pericles,m
first tyrian messenger ,pericles,m
second tyrian messenger ,pericles,m
first gentleman of tyre ,pericles,m
sailor of tyre ,pericles,m
sailor of mytilene ,pericles,m
virgins ,pericles,f
lord of tarsus ,pericles,m
marina's lady ,pericles,f
cerimon's first servant ,pericles,m
cerimon's second servant ,pericles,m
lord of myteline ,pericles,m
man ,pericles,m
king edward the fourth ,richard iii,m
"edward, prince of wales ",richard iii,m
"richard, duke of york ",richard iii,m
"george, duke of clarence ",richard iii,m
edward plantagenet ,richard iii,m
"richard, duke of gloucester ",richard iii,m
"henry, earl of richmond ",richard iii,m
cardinal bourchier ,richard iii,m
"thomas rotherham, archbishop of york ",richard iii,m
"john morton, bishop of ely ",richard iii,m
duke of buckingham ,richard iii,m
duke of norfolk ,richard iii,m
earl of surrey ,richard iii,m
earl rivers ,richard iii,m
marquess of dorset ,richard iii,m
lord grey ,richard iii,m
earl of oxford ,richard iii,m
lord hastings ,richard iii,m
lord stanley ,richard iii,m
lord lovel ,richard iii,m
sir thomas vaughan ,richard iii,m
sir richard ratcliffe ,richard iii,m
sir william catesby ,richard iii,m
sir james tyrrel ,richard iii,m
sir james blunt ,richard iii,m
sir walter herbert ,richard iii,m
sir robert brakenbury ,richard iii,m
sir william brandon ,richard iii,m
christopher urswick ,richard iii,m
queen elizabeth ,richard iii,f
queen margaret ,richard iii,f
duchess of york ,richard iii,f
lady anne ,richard iii,f
tressel ,richard iii,f
berkeley ,richard iii,f
keeper in the tower ,richard iii,m
lord mayor of london ,richard iii,m
sheriff of wiltshire ,richard iii,m
pursuivant ,richard iii,m
margaret plantagenet ,richard iii,f
sir john ,richard iii,m
first murderer ,richard iii,m
second murderer ,richard iii,m
gentleman ,richard iii,m
first citizen ,richard iii,m
second citizen ,richard iii,m
third citizen ,richard iii,m
messenger to the queen ,richard iii,m
stanley messenger ,richard iii,m
scrivener ,richard iii,m
aldermen of london ,richard iii,m
halberds ,richard iii,m
two bishops ,richard iii,m
page ,richard iii,m
first messenger ,richard iii,m
second messenger ,richard iii,m
third messenger ,richard iii,m
fourth messenger ,richard iii,m
fifth messenger ,richard iii,m
ghost of king henry vi ,richard iii,m
ghost of prince edward of lancaster ,richard iii,m
first lord to richmond ,richard iii,m
second lord to richmond ,richard iii,m
chorus ,romeo and juliet,m
prince escalus ,romeo and juliet,m
paris ,romeo and juliet,m
montague ,romeo and juliet,m
capulet ,romeo and juliet,m
old capulet ,romeo and juliet,m
romeo ,romeo and juliet,m
mercutio ,romeo and juliet,m
benvolio ,romeo and juliet,m
tybalt ,romeo and juliet,m
petruchio ,romeo and juliet,m
friar lawrence ,romeo and juliet,m
friar john ,romeo and juliet,m
balthasar ,romeo and juliet,m
abram ,romeo and juliet,m
sampson ,romeo and juliet,m
gregory ,romeo and juliet,m
peter ,romeo and juliet,m
page to paris ,romeo and juliet,m
apothecary ,romeo and juliet,m
lady montague ,romeo and juliet,f
lady capulet ,romeo and juliet,f
juliet ,romeo and juliet,f
nurse ,romeo and juliet,f
citizens of verona ,romeo and juliet,m
first watchman ,romeo and juliet,m
second watchman ,romeo and juliet,m
third watchman ,romeo and juliet,m
first musician ,romeo and juliet,m
second musician ,romeo and juliet,m
third musician ,romeo and juliet,m
first servingman ,romeo and juliet,m
second servingman ,romeo and juliet,m
third servingman ,romeo and juliet,m
anthony ,romeo and juliet,m
potpan ,romeo and juliet,m
mercutio's page ,romeo and juliet,m
lord ,taming of the shrew,m
christopher sly ,taming of the shrew,m
hostess ,taming of the shrew,f
page  ,taming of the shrew,m
baptista ,taming of the shrew,m
vincentio ,taming of the shrew,m
lucentio ,taming of the shrew,m
petruchio ,taming of the shrew,m
gremio ,taming of the shrew,m
hortensio ,taming of the shrew,m
tranio ,taming of the shrew,m
biondello ,taming of the shrew,m
grumio ,taming of the shrew,m
curtis ,taming of the shrew,m
pedant ,taming of the shrew,f
katherina ,taming of the shrew,f
bianca ,taming of the shrew,f
widow ,taming of the shrew,f
tailor ,taming of the shrew,m
haberdasher ,taming of the shrew,m
peter ,taming of the shrew,m
first servingman ,taming of the shrew,m
second servingman ,taming of the shrew,m
third servingman ,taming of the shrew,m
first player ,taming of the shrew,m
second player ,taming of the shrew,m
first huntsman ,taming of the shrew,m
second huntsman ,taming of the shrew,m
nicholas ,taming of the shrew,m
joseph ,taming of the shrew,m
philip ,taming of the shrew,m
nathaniel ,taming of the shrew,m
baptista's messenger ,taming of the shrew,m
messenger ,taming of the shrew,m
baptista's servant ,taming of the shrew,m
officer ,taming of the shrew,m
alonso ,the tempest,m
sebastian ,the tempest,m
prospero ,the tempest,m
antonio ,the tempest,m
ferdinand ,the tempest,m
gonzalo ,the tempest,m
adrian ,the tempest,m
francisco ,the tempest,m
caliban ,the tempest,m
trinculo ,the tempest,m
stephano ,the tempest,m
miranda ,the tempest,f
ariel ,the tempest,m
iris ,the tempest,m
ceres ,the tempest,m
juno ,the tempest,m
master of a ship ,the tempest,m
boatswain ,the tempest,m
mariners ,the tempest,m
timon of athens ,timon of athens,m
alcibiades ,timon of athens,m
apemantus ,timon of athens,m
caphis ,timon of athens,m
cupid ,timon of athens,m
first bandit ,timon of athens,m
second bandit ,timon of athens,m
third bandit ,timon of athens,m
first lady amazon masker ,timon of athens,m
all lady amazon maskers ,timon of athens,m
first lord ,timon of athens,m
second lord ,timon of athens,m
third lord ,timon of athens,m
fourth lord ,timon of athens,m
first senator ,timon of athens,m
second senator ,timon of athens,m
third senator ,timon of athens,m
fourth senator ,timon of athens,m
first stranger ,timon of athens,m
second stranger ,timon of athens,m
third stranger ,timon of athens,m
flaminius ,timon of athens,m
flavius ,timon of athens,m
fool ,timon of athens,m
hortensius ,timon of athens,m
isidore's servant ,timon of athens,m
jeweller ,timon of athens,m
lucilius ,timon of athens,m
lucius ,timon of athens,m
lucius's servant ,timon of athens,m
lucullus ,timon of athens,m
lucullus's servant ,timon of athens,m
merchant ,timon of athens,m
messenger ,timon of athens,m
messenger from ventidius ,timon of athens,m
old athenian ,timon of athens,m
painter ,timon of athens,m
philotus ,timon of athens,m
phrynia ,timon of athens,f
poet ,timon of athens,m
sempronius ,timon of athens,m
servilius ,timon of athens,m
soldier ,timon of athens,m
timandra ,timon of athens,f
timon's page ,timon of athens,m
timon's servant ,timon of athens,m
titus ,timon of athens,m
varro's first servant ,timon of athens,m
varro's second servant ,timon of athens,m
ventidius ,timon of athens,m
saturninus ,titus andronicus,m
bassianus ,titus andronicus,m
titus andronicus ,titus andronicus,m
marcus andronicus ,titus andronicus,m
lucius ,titus andronicus,m
quintus ,titus andronicus,m
martius ,titus andronicus,m
mutius ,titus andronicus,m
young lucius ,titus andronicus,m
aemilius ,titus andronicus,m
publius ,titus andronicus,m
sempronius ,titus andronicus,m
caius ,titus andronicus,m
valentine ,titus andronicus,m
alarbus ,titus andronicus,m
demetrius ,titus andronicus,m
chiron ,titus andronicus,m
aaron ,titus andronicus,m
tamora ,titus andronicus,f
lavinia ,titus andronicus,f
nurse ,titus andronicus,f
senators ,titus andronicus,m
messenger ,titus andronicus,m
clown ,titus andronicus,m
tribune ,titus andronicus,m
tribunes ,titus andronicus,m
a black child ,titus andronicus,m
judges ,titus andronicus,m
first goth ,titus andronicus,m
second goth ,titus andronicus,m
third goth ,titus andronicus,m
roman captain ,titus andronicus,m
"priam, king of troy ",troilus and cressida,m
hector ,troilus and cressida,m
troilus ,troilus and cressida,m
paris ,troilus and cressida,m
deiphobus ,troilus and cressida,m
helenus ,troilus and cressida,m
margarelon ,troilus and cressida,m
aeneas ,troilus and cressida,m
calchas ,troilus and cressida,m
pandarus ,troilus and cressida,m
agamemnon ,troilus and cressida,m
menelaus ,troilus and cressida,m
nestor ,troilus and cressida,m
ulysses ,troilus and cressida,m
achilles ,troilus and cressida,m
ajax ,troilus and cressida,m
diomedes ,troilus and cressida,m
patroclus ,troilus and cressida,m
thersites ,troilus and cressida,m
helen ,troilus and cressida,f
andromache ,troilus and cressida,f
cassandra ,troilus and cressida,f
cressida ,troilus and cressida,f
prologue ,troilus and cressida,m
troilus's boy ,troilus and cressida,m
paris's servant ,troilus and cressida,m
greek trumpeter ,troilus and cressida,m
alexander ,troilus and cressida,m
antenor ,troilus and cressida,m
trojan trumpeter ,troilus and cressida,m
diomedes's servant ,troilus and cressida,m
greek knight ,troilus and cressida,m
myrmidon ,troilus and cressida,m
myrmidons ,troilus and cressida,m
musicians ,troilus and cressida,m
trojan soldiers ,troilus and cressida,m
orsino ,twelfth night,m
sebastian ,twelfth night,m
antonio ,twelfth night,m
sea captain ,twelfth night,m
valentine ,twelfth night,m
curio ,twelfth night,m
sir toby belch ,twelfth night,m
sir andrew aguecheek ,twelfth night,m
malvolio ,twelfth night,m
fabian ,twelfth night,m
feste ,twelfth night,m
olivia ,twelfth night,f
viola ,twelfth night,f
maria ,twelfth night,f
olivia's servant ,twelfth night,m
priest ,twelfth night,m
first officer ,twelfth night,m
second officer ,twelfth night,m
duke of milan ,two gentlemen of verona,m
valentine ,two gentlemen of verona,m
proteus ,two gentlemen of verona,m
antonio ,two gentlemen of verona,m
thurio ,two gentlemen of verona,m
eglamour ,two gentlemen of verona,m
host ,two gentlemen of verona,m
speed ,two gentlemen of verona,m
launce ,two gentlemen of verona,m
panthino ,two gentlemen of verona,m
julia ,two gentlemen of verona,f
silvia ,two gentlemen of verona,f
lucetta ,two gentlemen of verona,f
musicians ,two gentlemen of verona,m
first outlaw ,two gentlemen of verona,m
second outlaw ,two gentlemen of verona,m
third outlaw ,two gentlemen of verona,m
crab ,two gentlemen of verona,m
"leontes, king of sicilia ",a winters tale,m
mamillius ,a winters tale,m
camillo ,a winters tale,m
antigonus ,a winters tale,m
cleomines ,a winters tale,m
dion ,a winters tale,m
"polixenes, king of bohemia ",a winters tale,m
florizel ,a winters tale,m
archidamus ,a winters tale,m
old shepherd ,a winters tale,m
clown ,a winters tale,m
autolycus ,a winters tale,m
mariner ,a winters tale,m
jailer ,a winters tale,m
hermione ,a winters tale,f
perdita ,a winters tale,f
paulina ,a winters tale,f
emilia ,a winters tale,f
mopsa ,a winters tale,f
dorcas ,a winters tale,f
"time, as chorus ",a winters tale,f
first lady ,a winters tale,f
second lady ,a winters tale,f
officer ,a winters tale,m
first lord ,a winters tale,m
first gentleman ,a winters tale,m
second gentleman ,a winters tale,m
third gentleman ,a winters tale,m
servant of the old shepherd ,a winters tale,m
first servant ,a winters tale,m
second servant ,a winters tale,m
third servant ,a winters tale,m
gentleman attendant ,a winters tale,m
twelve satyrs ,a winters tale,m
shepherds and shepherdesses ,a winters tale,m
bear ,a winters tale,m
